nombre,genero,tipo,padre,activa,hoyos,par_decl,par_suma,flags,H1,H2,H3,H4,H5,H6,H7,H8,H9,H10,H11,H12,H13,H14,H15,H16,H17,H18,revision_juanjo
C.G. Barquito Chanaral - Barquito Chanaral (DAMAS),D,18h,,SI,0,72,,SIN_HOYOS,,,,,,,,,,,,,,,,,,,
C.G. Barquito Chanaral - Barquito Chanaral (VARONES),V,18h,,SI,0,72,,SIN_HOYOS,,,,,,,,,,,,,,,,,,,
C.G. Rio Blanco - Rio Blanco (DAMAS),D,9h,,SI,0,35,,SIN_HOYOS,,,,,,,,,,,,,,,,,,,
C.G. Rio Blanco - Rio Blanco (VARONES),V,9h,,SI,0,35,,SIN_HOYOS,,,,,,,,,,,,,,,,,,,
Iquique C.C. - Iquique (DAMAS),D,18h,,SI,0,72,,SIN_HOYOS,,,,,,,,,,,,,,,,,,,
Iquique C.C. - Iquique (VARONES),V,18h,,SI,0,72,,SIN_HOYOS,,,,,,,,,,,,,,,,,,,
A.A. Antofagasta - Autoclub (DAMAS),D,18h,,SI,18,60,60,,3,3,4,3,3,3,4,3,4,3,3,4,3,3,3,4,3,4,
A.A. Antofagasta - Autoclub (VARONES),V,18h,,SI,18,60,60,,3,3,4,3,3,3,4,3,4,3,3,4,3,3,3,4,3,4,
C.C. Bellavista - Bellavista (DAMAS),D,18h,,SI,18,68,68,,4,3,4,4,3,4,5,3,4,4,3,4,4,3,4,5,3,4,
C.C. Bellavista - Bellavista (VARONES),V,18h,,SI,18,68,68,,4,3,4,4,3,4,5,3,4,4,3,4,4,3,4,5,3,4,
C.C. Coya - Coya (DAMAS),D,18h,,SI,18,72,72,,4,3,4,4,4,5,4,3,5,4,4,4,3,4,3,5,4,5,
C.C. Coya - Coya (VARONES),V,18h,,SI,18,72,72,,4,3,4,4,4,5,4,3,5,4,4,4,3,4,3,5,4,5,
C.C. Granadilla - Granadilla (DAMAS),D,18h,,SI,18,72,72,,5,4,4,4,4,4,3,4,4,4,3,4,4,3,4,4,5,5,
C.C. Granadilla - Granadilla (VARONES),V,18h,,SI,18,72,72,,5,4,4,4,4,4,3,4,4,4,3,4,4,3,4,4,5,5,
C.C. La Posada - La Posada (DAMAS),D,18h,,SI,18,72,72,,4,4,5,3,4,5,4,3,4,5,4,3,4,4,4,3,5,4,
C.C. La Posada - La Posada (VARONES),V,18h,,SI,18,72,72,,4,4,5,3,4,5,4,3,4,5,4,3,4,4,4,3,5,4,
C.C. Osorno - Osorno (DAMAS),D,18h,,SI,18,72,72,,5,3,4,4,4,4,4,5,3,4,4,5,4,3,5,4,3,4,
C.C. Osorno - Osorno (VARONES),V,18h,,SI,18,72,72,,5,3,4,4,4,4,4,5,3,4,4,5,4,3,5,4,3,4,
C.C. Pan De Azucar - Pan De Azucar (DAMAS),D,18h,,SI,18,72,72,,5,4,3,4,3,4,5,4,4,3,5,4,3,4,4,4,5,4,
C.C. Pan De Azucar - Pan De Azucar (VARONES),V,18h,,SI,18,72,72,,5,4,3,4,3,4,5,4,4,3,5,4,3,4,4,4,5,4,
C.G. 7 Rios,X,18h,,NO,18,72,72,,4,4,3,5,4,3,5,4,4,4,4,3,5,4,3,5,4,4,
C.G. 7 Rios - C.G. 7 Rios (DAMAS),D,18h,,SI,18,72,72,,4,4,3,5,4,3,5,4,4,4,4,3,5,4,3,5,4,4,
C.G. 7 Rios - C.G. 7 Rios (VARONES),V,18h,,SI,18,72,72,,4,4,3,5,4,3,5,4,4,4,4,3,5,4,3,5,4,4,
C.G. Angostura - Angostura (DAMAS),D,18h,,SI,18,72,72,,4,5,4,3,4,5,3,4,4,4,3,4,4,4,5,3,4,5,
C.G. Angostura - Angostura (VARONES),V,18h,,SI,18,72,72,,4,5,4,3,4,5,3,4,4,4,3,4,4,4,5,3,4,5,
C.G. Bahia Coique - Bahía Coique (DAMAS),D,18h,,SI,18,72,72,,3,4,4,4,4,3,5,4,5,3,4,4,4,4,3,5,4,5,
C.G. Bahia Coique - Bahía Coique (VARONES),V,18h,,SI,18,72,72,,3,4,4,4,4,3,5,4,5,3,4,4,4,4,3,5,4,5,
C.G. Cachagua - Cachagua (DAMAS),D,18h,,SI,18,72,72,,4,3,4,4,5,4,3,4,5,4,5,4,5,3,4,4,3,4,
C.G. Cachagua - Cachagua (VARONES),V,18h,,SI,18,72,72,,4,3,4,4,5,4,3,4,5,4,5,4,5,3,4,4,3,4,
C.G. Costa Cachagua - Costa Cachagua (DAMAS),D,18h,,SI,18,72,72,,5,4,3,4,4,4,3,5,4,5,4,3,4,4,4,3,5,4,
C.G. Costa Cachagua - Costa Cachagua (VARONES),V,18h,,SI,18,72,72,,5,4,3,4,4,4,3,5,4,5,4,3,4,4,4,3,5,4,
C.G. El Alba - El Alba (DAMAS),D,18h,,SI,18,70,70,,4,3,4,4,4,4,5,4,3,4,3,4,4,4,4,5,4,3,
C.G. El Alba - El Alba (VARONES),V,18h,,SI,18,68,68,,4,3,4,4,4,4,4,4,3,4,3,4,4,4,4,4,4,3,
C.G. Huinganal - Huinganal (DAMAS),D,18h,,SI,18,72,72,,4,3,4,3,4,5,5,4,4,4,3,4,3,4,5,5,4,4,
C.G. Huinganal - Huinganal (VARONES),V,18h,,SI,18,72,72,,4,3,4,3,4,5,5,4,4,4,3,4,3,4,5,5,4,4,
C.G. La Dehesa - La Dehesa (DAMAS),D,18h,,NO,18,72,72,,5,4,3,4,4,4,4,3,5,4,4,4,3,5,4,4,3,5,
C.G. La Dehesa - La Dehesa (VARONES),V,18h,,NO,18,72,72,,5,4,3,4,4,4,4,3,5,4,4,4,3,5,4,4,3,5,
C.G. La Serena - La Serena (DAMAS),D,18h,,SI,18,72,72,,5,4,4,3,4,5,3,4,4,4,4,5,3,4,4,3,5,4,
C.G. La Serena - La Serena (VARONES),V,18h,,SI,18,72,72,,5,4,4,3,4,5,3,4,4,4,4,5,3,4,4,3,5,4,
C.G. Las Araucarias - Las Araucarias (DAMAS),D,18h,,SI,18,71,71,,4,3,5,4,4,4,4,3,4,5,3,4,5,3,4,4,4,4,
C.G. Las Araucarias - Las Araucarias (VARONES),V,18h,,SI,18,71,71,,4,3,5,4,4,4,4,3,4,5,3,4,5,3,4,4,4,4,
C.G. Las Brisas De Chicureo - El Valle (DAMAS),D,18h,,SI,18,72,72,,5,4,3,4,4,5,3,4,5,4,3,5,3,4,4,5,3,4,
C.G. Las Brisas De Chicureo - El Valle (VARONES),V,18h,,SI,18,72,72,,5,4,3,4,4,5,3,4,5,4,3,5,3,4,4,5,3,4,
C.G. Las Brisas De Chicureo - La Montana (DAMAS),D,18h,,SI,18,72,72,,4,4,4,3,4,5,4,3,5,4,4,5,4,3,4,3,4,5,
C.G. Las Brisas De Chicureo - La Montana (VARONES),V,18h,,SI,18,72,72,,4,4,4,3,4,5,4,3,5,4,4,5,4,3,4,3,4,5,
C.G. Las Brisas De Santo Domingo - Este - Norte (DAMAS),D,18h,,SI,18,72,72,,5,3,4,4,5,4,3,4,4,4,4,4,3,5,4,3,5,4,
C.G. Las Brisas De Santo Domingo - Este - Norte (VARONES),V,18h,,SI,18,72,72,,5,3,4,4,5,4,3,4,4,4,4,4,3,5,4,3,5,4,
C.G. Las Brisas De Santo Domingo - Este - Sur (DAMAS),D,18h,,SI,18,72,72,,5,3,4,4,5,4,3,4,4,4,4,4,3,5,4,3,5,4,
C.G. Las Brisas De Santo Domingo - Este - Sur (VARONES),V,18h,,SI,18,72,72,,5,3,4,4,5,4,3,4,4,4,4,4,3,5,4,3,5,4,
C.G. Las Brisas De Santo Domingo - Norte - Este (DAMAS),D,18h,,SI,18,72,72,,4,4,4,3,5,4,3,5,4,5,3,4,4,5,4,3,4,4,
C.G. Las Brisas De Santo Domingo - Norte - Este (VARONES),V,18h,,SI,18,72,72,,4,4,4,3,5,4,3,5,4,5,3,4,4,5,4,3,4,4,
C.G. Las Brisas De Santo Domingo - Norte - Sur (DAMAS),D,18h,,SI,18,72,72,,4,4,4,3,5,4,3,5,4,4,4,4,3,5,4,3,5,4,
C.G. Las Brisas De Santo Domingo - Norte - Sur (VARONES),V,18h,,SI,18,72,72,,4,4,4,3,5,4,3,5,4,4,4,4,3,5,4,3,5,4,
C.G. Las Brisas De Santo Domingo - Sur - Este (DAMAS),D,18h,,SI,18,72,72,,4,4,4,3,5,4,3,5,4,5,3,4,4,5,4,3,4,4,
C.G. Las Brisas De Santo Domingo - Sur - Este (VARONES),V,18h,,SI,18,72,72,,4,4,4,3,5,4,3,5,4,5,3,4,4,5,4,3,4,4,
C.G. Las Brisas De Santo Domingo - Sur - Norte (DAMAS),D,18h,,SI,18,72,72,,4,4,4,3,5,4,3,5,4,4,4,4,3,5,4,3,5,4,
C.G. Las Brisas De Santo Domingo - Sur - Norte (VARONES),V,18h,,SI,18,72,72,,4,4,4,3,5,4,3,5,4,4,4,4,3,5,4,3,5,4,
C.G. Lomas De La Dehesa - Lomas de La Dehesa (DAMAS),D,18h,,NO,18,72,72,,4,4,3,4,4,3,4,5,5,4,5,4,5,4,3,4,3,4,
C.G. Lomas De La Dehesa - Lomas de La Dehesa (VARONES),V,18h,,NO,18,72,72,,4,4,3,4,4,3,4,5,5,4,5,4,5,4,3,4,3,4,
C.G. Los Leones - Los Leones (DAMAS),D,18h,,NO,18,72,72,,4,4,3,5,4,3,4,4,5,4,3,4,4,3,4,4,5,5,
C.G. Los Leones - Los Leones (VARONES),V,18h,,NO,18,72,72,,4,4,3,5,4,3,4,4,5,4,3,4,4,3,4,4,5,5,
C.G. Los Lirios Rancagua - Los Lirios (DAMAS),D,18h,,SI,18,72,72,,4,5,3,4,4,3,4,5,4,4,3,5,3,4,4,4,5,4,
C.G. Los Lirios Rancagua - Los Lirios (VARONES),V,18h,,SI,18,72,72,,4,5,3,4,4,3,4,5,4,4,3,5,3,4,4,4,5,4,
C.G. Mapocho - Mapocho (DAMAS),D,18h,,SI,18,72,72,,5,5,3,4,4,3,5,3,4,4,4,5,3,4,4,4,3,5,
C.G. Mapocho - Mapocho (VARONES),V,18h,,SI,18,72,72,,5,5,3,4,4,3,5,3,4,4,4,5,3,4,4,4,3,5,
C.G. Papudo - Papudo (DAMAS),D,18h,,SI,18,68,68,,4,3,4,3,4,3,5,4,4,3,5,3,4,3,4,4,4,4,
C.G. Papudo - Papudo (VARONES),V,18h,,SI,18,68,68,,3,5,3,4,3,4,4,4,4,4,3,4,3,4,3,5,4,4,
C.G. Rinconada De Chillan - Rinconada (DAMAS),D,18h,,SI,18,72,72,,4,4,5,4,4,3,5,3,4,4,4,5,4,4,3,5,3,4,
C.G. Rinconada De Chillan - Rinconada (VARONES),V,18h,,SI,18,72,72,,4,4,5,4,4,3,5,3,4,4,4,5,4,4,3,5,3,4,
C.G. Rio Lluta - Rio Lluta (DAMAS),D,18h,,SI,18,72,72,,4,5,4,3,5,3,4,4,4,4,3,5,4,4,5,3,4,4,
C.G. Rio Lluta - Rio Lluta (VARONES),V,18h,,SI,18,72,72,,4,5,4,3,5,3,4,4,4,4,3,5,4,4,5,3,4,4,
C.G. Rio Loa - Rio Loa (DAMAS),D,18h,,SI,18,72,72,,4,3,4,5,3,4,4,4,5,4,5,4,4,4,4,3,5,3,
C.G. Rio Loa - Rio Loa (VARONES),V,18h,,SI,18,72,72,,4,3,4,5,3,4,4,4,5,4,5,4,4,4,4,3,5,3,
C.G. Rocas De Santo Domingo - Antigua (DAMAS),D,18h,,SI,18,72,72,,4,4,5,4,4,3,5,3,4,4,5,4,3,4,3,5,4,4,
C.G. Rocas De Santo Domingo - Antigua (VARONES),V,18h,,SI,18,72,72,,4,4,5,4,4,3,5,3,4,4,5,4,3,4,3,5,4,4,
C.G. Rocas De Santo Domingo - Azul - Blanca (DAMAS),D,18h,,SI,18,72,72,,4,5,4,3,4,5,4,3,4,4,4,3,5,4,4,4,3,5,
C.G. Rocas De Santo Domingo - Azul - Blanca (VARONES),V,18h,,SI,18,72,72,,4,5,4,3,4,5,4,3,4,4,4,3,5,4,4,4,3,5,
C.G. Rocas De Santo Domingo - Azul - Roja (DAMAS),D,18h,,SI,18,72,72,,4,5,4,3,4,5,4,3,4,4,4,5,4,4,3,5,3,4,
C.G. Rocas De Santo Domingo - Azul - Roja (VARONES),V,18h,,SI,18,72,72,,4,5,4,3,4,5,4,3,4,4,4,5,4,4,3,5,3,4,
C.G. Rocas De Santo Domingo - Blanca - Azul (DAMAS),D,18h,,SI,18,72,72,,4,4,5,4,4,3,5,3,4,4,4,3,5,4,4,4,3,5,
C.G. Rocas De Santo Domingo - Blanca - Azul (VARONES),V,18h,,SI,18,72,72,,4,4,3,5,4,4,4,3,5,4,5,4,3,4,5,4,3,4,
C.G. Rocas De Santo Domingo - Blanca - Roja (DAMAS),D,18h,,SI,18,72,72,,4,4,3,5,4,4,4,3,5,4,4,5,4,4,3,5,3,4,
C.G. Rocas De Santo Domingo - Blanca - Roja (VARONES),V,18h,,SI,18,72,72,,4,4,3,5,4,4,4,3,5,4,4,5,4,4,3,5,3,4,
C.G. Rocas De Santo Domingo - Nueva (DAMAS),D,18h,,SI,18,72,72,,4,3,5,4,4,4,5,4,3,4,3,5,4,4,4,5,4,3,
C.G. Rocas De Santo Domingo - Nueva (VARONES),V,18h,,SI,18,72,72,,4,3,5,4,4,4,5,4,3,4,3,5,4,4,4,5,4,3,
C.G. Rocas De Santo Domingo - Roja - Azul (DAMAS),D,18h,,SI,18,72,72,,4,4,5,4,4,3,5,3,4,4,5,4,3,4,5,4,3,4,
C.G. Rocas De Santo Domingo - Roja - Azul (VARONES),V,18h,,SI,18,72,72,,4,4,5,4,4,3,5,3,4,4,5,4,3,4,5,4,3,4,
C.G. Rocas De Santo Domingo - Roja - Blanca (DAMAS),D,18h,,SI,18,72,72,,4,4,5,4,4,3,5,3,4,4,4,3,5,4,4,4,3,5,
C.G. Rocas De Santo Domingo - Roja - Blanca (VARONES),V,18h,,SI,18,72,72,,4,4,5,4,4,3,5,3,4,4,4,3,5,4,4,4,3,5,
C.G. Santa Augusta - Santa Augusta (DAMAS),D,18h,,SI,18,72,72,,4,4,3,5,4,5,4,4,3,4,3,4,5,3,4,4,4,5,
C.G. Santa Augusta - Santa Augusta (VARONES),V,18h,,SI,18,72,72,,4,4,3,5,4,5,4,4,3,4,3,4,5,3,4,4,4,5,
C.G. Sport Frances - Sport Francés (DAMAS),D,18h,,SI,18,72,72,,4,4,4,3,4,4,3,5,5,4,3,4,5,4,4,3,4,5,
C.G. Sport Frances - Sport Francés (VARONES),V,18h,,SI,18,72,72,,4,4,4,3,4,4,3,5,5,4,3,4,5,4,4,3,4,5,
C.G. Tocopilla - Tocopilla (DAMAS),D,18h,,SI,18,72,72,,4,4,3,3,4,5,3,5,5,3,5,5,4,3,4,5,3,4,
C.G. Tocopilla - Tocopilla (VARONES),V,18h,,SI,18,72,72,,4,4,3,3,4,5,3,5,5,3,5,5,4,3,4,5,3,4,
C.G. Valle Escondido - Valle Escondido (DAMAS),D,18h,,SI,18,70,70,,4,5,4,3,4,4,4,3,4,4,5,4,3,4,4,4,3,4,
C.G. Valle Escondido - Valle Escondido (VARONES),V,18h,,SI,18,70,70,,4,5,4,3,4,4,4,3,4,4,5,4,3,4,4,4,3,4,
C.G.P. El Principal - El Principal (DAMAS),D,18h,,SI,18,72,72,,5,4,3,4,4,4,3,4,5,5,4,3,4,4,4,3,4,5,
C.G.P. El Principal - El Principal (VARONES),V,18h,,SI,18,72,72,,5,4,3,4,4,4,3,4,5,5,4,3,4,4,4,3,4,5,
C.N.C. Las Salinas - Las Salinas (DAMAS),D,18h,,SI,18,72,72,,4,3,5,4,4,5,3,4,4,4,3,5,4,4,5,3,4,4,
C.N.C. Las Salinas - Las Salinas (VARONES),V,18h,,SI,18,72,72,,4,3,5,4,4,5,3,4,4,4,3,5,4,4,5,3,4,4,
C.N.C. Tumbes - Tumbes (DAMAS),D,18h,,SI,18,70,70,,4,5,3,3,3,4,4,4,5,4,5,3,3,3,4,4,4,5,
C.N.C. Tumbes - Tumbes (VARONES),V,18h,,SI,18,70,70,,4,5,3,3,3,4,4,4,5,4,5,3,3,3,4,4,4,5,
Cancha Internacional (DAMAS),D,18h,,SI,18,70,70,,3,4,3,4,3,5,4,5,4,3,4,3,4,3,5,4,5,4,
Cancha Internacional (VARONES),V,18h,,SI,18,70,70,,3,4,3,4,3,5,4,5,4,3,4,3,4,3,5,4,5,4,
Club de Campo Bellavista,X,18h,,SI,18,72,72,,4,3,5,4,4,3,4,5,4,4,3,5,4,4,3,4,5,4,
Club de Campo Coya,X,18h,,SI,18,72,72,,4,3,5,4,4,3,4,5,4,4,3,5,4,4,3,4,5,4,
Club de Campo La Posada,X,18h,,SI,18,72,72,,4,3,5,4,4,3,4,5,4,4,3,5,4,4,3,4,5,4,
Club de Golf Aconcagua,X,18h,,SI,18,72,72,,4,3,5,4,4,3,4,5,4,4,3,5,4,4,3,4,5,4,
Club de Golf Angostura,X,18h,,SI,18,71,71,,4,3,5,4,4,5,3,4,4,4,3,5,4,4,3,4,4,4,
Club de Golf Brisas de Santo Domingo,X,27h,SI,SI,0,72,,,,,,,,,,,,,,,,,,,,,
Club de Golf Brisas de Santo Domingo - Este,X,9h,,SI,9,36,36,,5,3,4,4,5,4,3,4,4,,,,,,,,,,
Club de Golf Brisas de Santo Domingo - Norte,X,9h,,SI,9,36,36,,4,4,4,3,5,4,3,5,4,,,,,,,,,,
Club de Golf Brisas de Santo Domingo - Sur,X,9h,,SI,9,36,36,,4,4,4,3,5,4,3,5,4,,,,,,,,,,
Club de Golf Cachagua,X,18h,,SI,18,72,72,,4,3,4,4,5,4,3,4,5,4,5,4,5,3,4,4,3,4,
Club de Golf Chapultepec,X,18h,,SI,18,72,72,,4,3,5,4,4,3,4,5,4,4,3,5,4,4,3,4,5,4,
Club de Golf Costa Cachagua,X,18h,,SI,18,73,73,,4,4,5,4,4,3,4,5,4,4,3,5,4,4,3,4,5,4,
Club de Golf Granadilla,X,18h,,SI,18,71,71,,4,4,4,4,4,4,3,4,4,4,3,5,4,3,3,4,5,5,
Club de Golf La Dehesa,X,18h,,SI,18,72,72,,4,3,5,4,4,3,4,5,4,4,3,5,4,4,3,4,5,4,
Club de Golf La Serena,X,18h,,SI,18,70,70,,4,4,4,3,4,3,3,5,4,4,4,5,3,4,3,4,5,4,
Club de Golf Las Araucarias,X,18h,,SI,18,71,71,,4,3,5,4,4,4,4,3,4,4,3,5,5,4,3,4,4,4,
Club de Golf Las Brisas de Chicureo,X,18h,,SI,18,72,72,,4,3,5,4,4,3,4,5,4,4,3,5,4,4,3,4,5,4,
Club de Golf Lomas de La Dehesa,X,18h,,SI,18,72,72,,4,4,3,4,4,3,4,5,5,4,5,4,5,4,3,4,3,4,
Club de Golf Los Leones,X,18h,,SI,18,72,72,,4,4,3,5,4,3,4,4,5,4,3,4,4,3,4,4,5,5,
Club de Golf Los Lirios,X,18h,,SI,18,73,73,,4,5,3,4,4,3,4,5,4,4,3,5,4,4,4,4,5,4,
Club de Golf Mapocho,X,18h,,SI,18,72,72,,5,5,3,4,4,3,5,3,4,4,4,5,3,4,4,4,3,5,
Club de Golf Marbella,X,27h,SI,SI,0,72,,,,,,,,,,,,,,,,,,,,,
Club de Golf Marbella - Andes Pro,X,9h,,SI,9,36,36,,4,4,3,5,4,3,5,4,4,,,,,,,,,,
Club de Golf Marbella - Pacifico Norte,X,9h,,SI,9,36,36,,4,5,4,4,3,4,3,4,5,,,,,,,,,,
Club de Golf Marbella - Pacifico Sur,X,9h,,SI,9,36,36,,3,4,4,3,4,5,4,5,4,,,,,,,,,,
Club de Golf Mexico,X,18h,,SI,18,72,72,,4,3,5,4,4,3,4,5,4,4,3,5,4,4,3,4,5,4,
Club de Golf Papudo,X,18h,,SI,18,68,68,,4,3,4,4,3,3,4,4,4,4,5,3,4,3,4,4,4,4,
Club de Golf Prince of Wales,X,18h,,SI,18,72,72,,4,4,5,3,4,4,3,4,5,4,3,4,4,5,3,4,4,5,
Club de Golf Rocas de Santo Domingo,X,27h,SI,SI,0,72,,,,,,,,,,,,,,,,,,,,,
Club de Golf Rocas de Santo Domingo - Azul,X,9h,,SI,9,36,36,,4,5,4,3,4,5,4,3,4,,,,,,,,,,
Club de Golf Rocas de Santo Domingo - Blanca,X,9h,,SI,9,36,36,,4,4,3,5,4,4,4,3,5,,,,,,,,,,
Club de Golf Rocas de Santo Domingo - Roja,X,9h,,SI,9,36,36,,4,4,5,4,4,3,5,3,4,,,,,,,,,,
Club de Golf Santa Augusta de Quintay,X,18h,,SI,18,69,69,,4,4,3,5,4,3,4,4,3,4,3,4,5,3,3,4,4,5,
Club de Golf Sport Francés,X,18h,,SI,18,72,72,,4,4,4,3,4,4,3,5,5,4,3,4,5,4,4,3,4,5,
Club de Golf Valle Escondido,X,18h,,SI,18,72,72,,4,3,5,4,4,3,4,5,4,4,3,5,4,4,3,4,5,4,
Club de Golf y Polo El Principal,X,18h,,SI,18,72,72,,4,3,5,4,4,3,4,5,4,4,3,5,4,4,3,4,5,4,
Club De Polo y Equitacion S.C. - Club de Polo (DAMAS),D,18h,,SI,18,72,72,,4,5,3,4,4,3,5,4,4,4,4,5,3,4,4,3,5,4,
Club De Polo y Equitacion S.C. - Club de Polo (VARONES),V,18h,,SI,18,72,72,,4,5,3,4,4,3,5,4,4,4,4,5,3,4,4,3,5,4,
Club El Rancho,X,18h,,SI,18,71,71,,4,3,5,4,4,3,4,5,4,4,3,5,4,3,3,4,5,4,
Club Naval de Campo Las Salinas,X,18h,,SI,18,72,72,,4,3,5,4,4,3,4,5,4,4,3,5,4,4,3,4,5,4,
Club Naval de Campo Tumbes,X,18h,,SI,18,72,72,,4,3,5,4,4,3,4,5,4,4,3,5,4,4,3,4,5,4,
Country Club de Bogotá,X,18h,,SI,18,72,72,,4,5,5,4,3,4,3,5,4,4,3,4,4,4,3,4,5,4,
GEBA Golf Club,X,18h,,SI,18,72,72,,4,3,5,4,4,3,4,5,4,4,3,5,4,4,3,4,5,4,
Hacienda Chicureo C.G. - Hacienda Chicureo (DAMAS),D,18h,,SI,18,72,72,,4,4,5,3,4,3,5,4,4,4,4,3,4,3,5,4,4,5,
Hacienda Chicureo C.G. - Hacienda Chicureo (VARONES),V,18h,,SI,18,72,72,,4,4,5,3,4,3,5,4,4,4,4,3,4,3,5,4,4,5,
Hacienda Chicureo Golf Club,X,18h,,SI,18,72,72,,4,3,5,4,4,3,4,5,4,4,3,3,4,4,5,4,4,5,
Hacienda Santa Martina - Cancha Oficial (DAMAS),D,18h,,SI,18,72,72,,4,5,4,3,4,5,3,4,4,4,5,3,4,4,4,3,4,5,
Hacienda Santa Martina - Cancha Oficial (VARONES),V,18h,,SI,18,72,72,,4,5,4,3,4,5,3,4,4,4,5,3,4,4,4,3,4,5,
Hacienda Santa Martina - Cancha Verde (DAMAS),D,18h,,SI,18,72,72,,4,5,3,4,4,4,3,4,5,4,5,3,4,4,4,3,4,5,
Hacienda Santa Martina - Cancha Verde (VARONES),V,18h,,SI,18,72,72,,4,5,3,4,4,4,3,4,5,4,5,3,4,4,4,3,4,5,
Hurlingham Club,X,18h,,SI,18,71,71,,4,3,5,4,4,3,3,5,3,4,3,5,5,4,3,4,5,4,
Jockey Club Argentina,X,18h,,SI,18,72,72,,4,3,5,4,4,3,4,5,4,4,3,5,4,4,3,4,5,4,
La Planicie Golf Club,X,18h,,SI,18,72,72,,4,3,5,4,4,3,4,5,4,4,3,5,4,4,3,4,5,4,
Los Inkas Golf Club,X,18h,,SI,18,72,72,,4,3,5,4,4,3,4,5,4,4,3,5,4,4,3,4,5,4,
Los Lagartos Country Club,X,18h,,SI,18,72,72,,4,3,5,4,4,3,4,5,4,4,3,5,4,4,3,4,5,4,
Magallanes G.C. - Magallanes (DAMAS),D,18h,,SI,18,70,70,,4,4,3,4,5,4,4,3,4,4,4,3,4,5,4,4,3,4,
Magallanes G.C. - Magallanes (VARONES),V,18h,,SI,18,70,70,,4,4,3,4,5,4,4,3,4,4,4,3,4,5,4,4,3,4,
Marbella C.C. - Andes Pro - Pacifico Norte (DAMAS),D,18h,,SI,18,72,72,,4,4,3,5,4,3,5,4,4,4,5,4,4,3,4,3,4,5,
Marbella C.C. - Andes Pro - Pacifico Norte (VARONES),V,18h,,SI,18,72,72,,4,4,3,5,4,3,5,4,4,4,5,4,4,3,4,3,4,5,
Marbella C.C. - Pacifico Norte - Sur (DAMAS),D,18h,,SI,18,72,72,,4,5,4,4,3,4,3,4,5,3,4,4,3,4,5,4,5,4,
Marbella C.C. - Pacifico Norte - Sur (VARONES),V,18h,,SI,18,72,72,,4,5,4,4,3,4,3,4,5,3,4,4,3,4,5,4,5,4,
Marbella C.C. - Pacifico Sur - Andes Pro (DAMAS),D,18h,,SI,18,72,72,,3,4,4,3,4,5,4,5,4,4,4,3,5,4,3,5,4,4,
Marbella C.C. - Pacifico Sur - Andes Pro (VARONES),V,18h,,SI,18,72,72,,3,4,4,3,4,5,4,5,4,4,4,3,5,4,3,5,4,4,
Marina Golf Rapel - Marina Rapel (DAMAS),D,18h,,SI,18,72,72,,4,3,3,5,4,4,4,4,5,4,3,3,5,4,4,4,4,5,
Marina Golf Rapel - Marina Rapel (VARONES),V,18h,,SI,18,72,72,,4,3,3,5,4,4,4,4,5,4,3,3,5,4,4,4,4,5,
Nevados de Villarica - Nevados de Villarica (DAMAS),D,18h,,SI,18,72,72,,4,4,5,4,3,4,3,5,4,4,5,4,5,3,3,4,4,4,
Nevados de Villarica - Nevados de Villarica (VARONES),V,18h,,SI,18,72,72,,4,4,5,4,3,4,3,5,4,4,5,4,5,3,3,4,4,4,
Nevados de Villarrica,X,18h,,SI,18,72,72,,4,3,5,4,4,3,4,5,4,4,3,5,4,4,3,4,5,4,
Nordelta Golf Club,X,18h,,SI,18,73,73,,4,3,5,5,3,4,4,5,4,5,4,3,4,4,3,4,5,4,
Nueva Frontera C.C. - Nueva Frontera (DAMAS),D,18h,,SI,18,72,72,,4,4,5,3,4,4,5,3,4,4,4,5,3,4,4,5,3,4,
Nueva Frontera C.C. - Nueva Frontera (VARONES),V,18h,,SI,18,72,72,,4,4,5,3,4,4,5,3,4,4,4,5,3,4,4,5,3,4,
Olivos Golf Club,X,18h,,SI,18,72,72,,3,5,5,3,4,3,4,5,4,4,3,5,4,4,3,4,5,4,
Paico Alto Club de Golf,X,18h,,SI,18,72,72,,4,3,5,4,4,3,4,5,4,4,3,5,4,4,3,4,5,4,
Patagonia Virgin Frutillar,X,18h,,SI,18,72,72,,4,4,3,4,4,4,3,5,5,4,4,3,4,4,3,4,5,5,
Patagonia Virgin Frutillar - Patagonia Virgin (DAMAS),D,18h,,SI,18,72,72,,4,4,3,5,4,4,3,4,5,4,4,3,5,4,4,3,4,5,
Patagonia Virgin Frutillar - Patagonia Virgin (VARONES),V,18h,,SI,18,72,72,,4,4,3,5,4,4,3,4,5,4,4,3,5,4,4,3,4,5,
Polo San Cristóbal,X,18h,,SI,18,72,72,,4,5,3,4,4,3,5,4,4,4,4,5,3,4,4,3,5,4,
Prince Of Wales C.C. - Prince of Wales (DAMAS),D,18h,,SI,18,72,72,,4,4,5,3,4,4,3,4,5,4,3,4,4,5,3,4,4,5,
Prince Of Wales C.C. - Prince of Wales (VARONES),V,18h,,SI,18,72,72,,4,4,5,3,4,4,3,4,5,4,3,4,4,5,3,4,4,5,
Quinteros Golf C.C. - Quinteros (DAMAS),D,18h,,SI,18,72,72,,4,3,4,5,4,3,4,5,4,4,4,4,4,5,3,5,3,4,
Quinteros Golf C.C. - Quinteros (VARONES),V,18h,,SI,18,72,72,,4,3,4,5,4,3,4,5,4,4,4,4,4,5,3,5,3,4,
Real del Monte Golf Club,X,18h,,SI,18,72,72,,4,3,5,4,4,3,4,5,4,4,3,5,4,4,3,4,5,4,
Talca C.C. - Talca (DAMAS),D,18h,,SI,18,72,72,,3,5,4,5,4,3,4,5,3,3,5,4,5,4,3,4,4,4,
Talca C.C. - Talca (VARONES),V,18h,,SI,18,72,72,,3,5,4,5,4,3,4,5,3,3,5,4,5,4,3,4,4,4,
Talca Country Club,X,18h,,SI,18,72,72,,4,3,5,4,4,3,4,5,4,4,3,5,4,4,3,4,5,4,
Valdivia G.C. - Valdivia (DAMAS),D,18h,,SI,18,72,72,,4,5,5,3,4,4,4,3,4,4,5,4,3,4,4,4,3,5,
Valdivia G.C. - Valdivia (VARONES),V,18h,,SI,18,72,72,,4,5,5,3,4,4,4,3,4,4,5,4,3,4,4,4,3,5,
Valdivia Golf Club,X,18h,,SI,18,72,72,,4,3,5,4,4,3,4,5,4,4,3,5,4,4,3,4,5,4,